"Number","Gender","Title","FirstName","LastName","Address","ZipCode","EmailAddress","Username","Password","Birthday","CCType","CCNumber","CVV2","CCExpires","BloodType","Kilograms","Centimeters","Column 18","Column 19"
"260","male","Mr.","Arseny","Voronov","82 Osborne Road, KING'S BROMLEY, UK ","DE13 8RZ","ArsenyVoronov@gustr.com","Hiced1931","Eicohnai4","1931-02-15","Visa","4.48587E+15","59","May-20","O-","","","",""
"266","male","Mr.","Rashid","Fyodorov","83 Malcolm Rd, LLANFIHANGEL UWCH-GWILI, UK ","SA32 1XW","RashidFyodorov@superrito.com","Ronce1935","jaehou4gooLei","1935-08-29","MasterCard","5.59691E+15","408","Jul-20","O+","111.1","","",""
"304","male","Mr.","Mohammad","Moran","51 Roman Rd, LEIGH, UK ","GL19 1WG","MohammadMoran@rhyta.com","Resichey1972","Ba3wae0aht","1972-03-20","Visa","4.7162E+15","650","Jun-20","O+","87.9","","",""
"1341","male","Mr.","Riley","Bailey","66 Fosse Way, ARDNAHOE, UK ","PA46 0GZ","RileyBailey@dayrep.com","Leene1943","Qui5iiwoo5f","1943-11-29","Visa","4.91615E+15","1","Jun-19","B+","72.7","","",""
"1674","female","Ms.","Demi","Warner","5 Whitby Road, DENHAM GREEN, UK ","UB9 9RE","DemiWarner@einrot.com","Blapeneve","Tiej0Aeboh","1975-04-02","MasterCard","5.43154E+15","723","Jan-19","","","","",""
"1790","male","Mr.","Leopold","Shcherbakov","54 Buckingham Rd, THORNTON, UK ","TS8 4SD","LeopoldShcherbakov@einrot.com","Himand","ahg6eeJah","1978-03-04","MasterCard","5.15184E+15","181","Jan-18","A+","","","",""
"","Ms.","Isabella","","","","","","","","","","","","","","","","",""
"2644","male","Mr.","Armen","","","","","","","","","","","","","","","",""
"2645","male","Mr.","Fai","","","","","","","","","","","","","","","",""
"2646","male","Mr.","Oscar","","","","","","","","","","","","","","","",""
"2647","male","Mr.","Chung","","","","","","","","","","","","","","","",""
"2648","male","Mr.","Alexander","","","","","","","","","","","","","","","",""
"2649","male","Mr.","Avdei","","","","","","","","","","","","","","","",""
"2650","male","Mr.","Zinovy","","","","","","","","","","","","","","","",""
"2651","male","Mr.","Aaron","","","","","","","","","","","","","","","",""
"2652","male","Mr.","Harry","","","","","","","","","","","","","","","",""
"2653","female","Ms.","Zarina","","","","","","","","","","","","","","","",""
"2654","female","Ms.","Camilla","","","","","","","","","","","","","","","",""
"2655","male","Mr.","Nick","","","","","","","","","","","","","","","",""
"2661","female","Ms.","Jiao","Ts'ui","42 Prince Consort Road, KEMBLE, UK ","GL7 0PQ","JiaoTsui@armyspy.com","Noeve1946","beiBi3aih","1946-09-29","MasterCard","5.11506E+15","75","Aug-17","O+","57.4","","",""
"2759","male","Mr.","Sviatoslav","Vinogradov","80 Thames Street, BONNYRIGG, UK ","EH19 8DX","SviatoslavVinogradov@gustr.com","Lethed","ooTh7uoboo5","1975-11-23","MasterCard","5.24772E+15","107","Apr-20","B+","87.9","","",""
"2854","male","Mr.","Kong","Hao","85 Park Place, CARWAY, UK ","SA17 9LD","KongHao@rhyta.com","Consicur79","Pionep1usea8","1979-01-07","MasterCard","5.22596E+15","140","Jun-20","O+","","","",""
"3259","female","Mrs.","Jasmine","Gilbert","53 Stroud Rd, OLD BUCKENHAM, UK ","NR17 5AG","JasmineGilbert@dayrep.com","Finchis","Laekich5dei","1973-02-19","Visa","4.53244E+15","172","Jul-20","O+","","","",""
"3846","male","Mr.","Taylor","Frost","3 Layburn Court, TOTEGAN, UK ","KW14 9WF","TaylorFrost@cuvox.de","Youghtley","wo9Iuj6Foosh","1965-08-09","MasterCard","5.53127E+15","954","Nov-16","","","","",""
"4276","","","","","","","","","","","","","","","","","","",""
"4340","female","Mrs.","Jiang Li","Mao","84 Whitchurch Road, EMNETH, UK ","PE14 0NS","JiangLiMao@rhyta.com","Pragnot","cahBuyie8","1947-08-14","MasterCard","5.11956E+15","482","May-20","A+","93.1","","",""
"4559","male","Mr.","Reece","Cross","78 Whitchurch Road, ENBORNE, UK ","RG20 7HQ","ReeceCross@gustr.com","Flin1960","We1iet5v","1960-07-29","MasterCard","5.21694E+15","758","Jun-20","O+","","","",""
"4572","female","Ms.","Imogen","Blackburn","15 Guildford Rd, EAST LEARMOUTH, UK ","TD12 9XQ","ImogenBlackburn@cuvox.de","Obold1962","Eec,^Yoh&","1962-08-21","MasterCard","5.5992E+15","729","Dec-16","O+","59.6","","",""
"5239","male","Mr.","Ahmed","Yuriev","31 Peachfield Road, CEATHRAMH MEADHANACH, UK ","HS6 9YZ","AhmedYuriev@cuvox.de","Parsettern","pahheiM1","1937-07-23","MasterCard","5.2779E+15","299","Aug-18","O+","110.6","","",""
"5259","","","","","","","","","","","","","","","","","","",""
"5838","male","Mr.","Ye","Hsing","23 Holgate Rd, RANNOCH SCHOOL, UK ","PH17 9TX","YeHsing@gustr.com","Thatter","doaPheiy1oSh","1934-02-08","MasterCard","5.59905E+15","604","Apr-19","O+","","","",""
"6112","male","Mr.","Alexander","Bradshaw","78 Emerson Road, KIPP, UK ","FK18 6FP","AlexanderBradshaw@armyspy.com","Carld1945","tha5reeP","1945-10-15","MasterCard","5.20237E+15","468","Jan-17","","","","",""
"6213","male","Mr.","Tao","Cheng","25 Victoria Road, LITTLE BADDOW, UK ","CM3 3RN","TaoCheng@gustr.com","Dinfor","iuk9Ru6aethe","1942-04-10","MasterCard","5.23773E+15","665","Oct-18","A+","85.9","","",""
"6276","female","Mrs.","Valeriya","Fedorova","88 Ploughley Rd, TODENHAM, UK ","GL56 7DY","ValeriyaFedorova@armyspy.com","Jestated","ne5eeSa6w","1956-06-12","MasterCard","5.48072E+15","267","Aug-20","O+","","165","",""
"6425","female","Ms.","Roxanne","Bykova","55 Brynglas Road, GLYNCORRWG, UK ","SA13 1DJ","RoxanneBykova@fleckens.hu","Netrat","Tohghu7o","1984-12-19","Visa","4.53967E+15","936","Aug-18","B+","","155","",""
"6810","female","Mrs.","Fang Yin","Kung","2 Ross Road, MARTHIG, UK ","HS2 4UN","FangYinKung@rhyta.com","Amento","oeJee6ahng","1933-07-10","MasterCard","5.41018E+15","427","Jun-16","B+","69.8","","",""
"7112","male","Mr.","Wen","Chia","38 Caxton Place, BYLCHAU, UK ","LL16 3HP","WenChia@armyspy.com","Antionce","Ki9fahdoo1p","1971-01-24","MasterCard","5.41735E+15","202","Dec-17","O+","98.7","","",""
"7557","female","Ms.","Rice","Prokhorova","11 Victoria Road, LITTLE AMWELL, UK ","SG13 9AU","RiceProkhorova@armyspy.com","Fighad1955","fait3Ionah7","1955-12-06","MasterCard","5.26444E+15","997","Nov-20","B+","","","",""
"7680","male","Mr.","Emmanuel","Istomin","5 Roman Rd, LECKMELM, UK ","IV23 1TE","EmmanuelIstomin@teleworm.us","Hower1987","Eek6eir1die","1987-10-31","MasterCard","5.17825E+15","411","Jul-20","O+","91.9","","",""
"8151","male","Mr.","Isaac","Abramoff","97 Berkeley Rd, STRADBROKE, UK ","IP21 3YS","IsaacAbramoff@einrot.com","Cably1961","Aoc5rohkoh","1961-10-28","Visa","4.48571E+15","332","Dec-18","O+","127.3","","",""
"8209","male","Mr.","Lucas","Marsden","18 Boar Lane, SHANKEND, UK ","TD9 3GJ","LucasMarsden@dayrep.com","Hinig1980","Mai3ualee","1980-09-13","Visa","4.71601E+15","490","Sep-19","O+","91.8","","",""
"8299","male","Mr.","Dewei","Yin","59 Ash Lane, YSTRAD MEURIG, UK ","SY25 1LA","DeweiYin@dayrep.com","Waston1974","Uuph4Zoh","1974-09-18","Visa","4.48583E+15","868","Feb-18","O-","","169","",""
"9172","male","Mr.","Charles","Hayward","63 Bridge Street, GOODNESTONE, UK ","ME13 5DG","CharlesHayward@gustr.com","Sonset1963","zohsooL5Aiy","1963-07-10","MasterCard","5.19022E+15","688","Mar-17","A+","72.2","","",""
"9391","male","Mr.","Igor","Shubin","2 Hampton Court Rd, SOUTHPORT, UK ","PR8 5LY","IgorShubin@rhyta.com","Jast1958","maid6AiPh4Ie","1958-09-03","Visa","4.92996E+15","899","Apr-16","A+","111.3","","",""
"9530","female","Ms.","Daria","Denisova","62 Greyfriars Road, CAPERNWRAY, UK ","LA6 1NA","DariaDenisova@superrito.com","Werhat","aoK8ahVeeTh","1954-07-13","MasterCard","5.52627E+15","995","Aug-17","A+","78.1","","",""
"10347","male","Mr.","Bao","Ts'ui","74 Russell Rd, SHIPDHAM, UK ","IP25 0WU","BaoTsui@cuvox.de","Exprooking84","Gahng0doh","1984-06-27","Visa","4.71635E+15","118","Nov-16","B+","","","",""
"11078","female","Ms.","Anna","Field","19 Sandyhill Rd, FROG END, UK ","CB3 3LX","AnnaField@rhyta.com","Turnintionce","Roh5eva6Ei","1967-05-25","Visa","4.91648E+15","524","Nov-19","O+","","","",""
"11328","male","Mr.","Murat","Demidov","74 Felix Lane, SIBSEY, UK ","PE22 6JW","MuratDemidov@dayrep.com","Frass1967","Ohch4quau!","1967-08-08","MasterCard","5.4942E+15","857","Dec-18","O+","#REF!","","",""
"11380","male","Mr.","Yefim","Aliyev","91 Bridge Street, GOLBORNE, UK ","WA3 3ZB","YefimAliyev@gustr.com","Wasioneating53","cha2Mohqu4d","1953-03-16","MasterCard","5.40336E+15","412","Apr-20","O+","#REF!","","",""
"11593","female","Mrs.","Libby","King","99 Fulford Road, PENSNETT, UK ","DY5 4SA","LibbyKing@dayrep.com","Dediatesons","ahP8zekei!","1935-01-17","Visa","4.53972E+15","597","Jun-19","O-","78.4","","",""
"11881","female","Ms.","Feng","Peng","98 Guild Street, LONDON, UK ","E8 6ZW","FengPeng@cuvox.de","Somer1972","Quai4lahz","1972-02-07","Visa","4.48569E+15","992","Jan-16","A-","98.2","","",""
"12305","female","Ms.","Xiaoming","Ko","27 Freezeland Lane, CRAIGIE BRAE, UK ","AB41 7GQ","XiaomingKo@rhyta.com","Alent1961","XeiTh1Ki1!","1961-07-20","Visa","4.71608E+15","586","May-16","O+","65.1","","",""
"12792","female","Ms.","Elena","Grigoryeva","77 Copthorne Way, CAMPSALL, UK ","DN6 5UH","ElenaGrigoryeva@fleckens.hu","Yoursider43","hi4Uol9ie","1943-06-25","Visa","4.53905E+15","407","Aug-17","B+","","","",""
"13219","male","Mr.","Jie","Ch'ang","96 Park Avenue, LEADBURN, UK ","EH46 1SU","JieChang@cuvox.de","Daunt1945","keuLei0oh","1945-08-10","MasterCard","5.43043E+15","328","Mar-16","","","","",""
"13596","male","Mr.","Athanasius","Gorbunov","25 Park Row, EDENFIELD, UK ","BL0 2QZ","AthanasiusGorbunov@fleckens.hu","Suffes1938","ogh6jaibuYe","1938-05-12","MasterCard","5.5416E+15","637","Oct-17","O+","#REF!","","",""
"13836","male","Mr.","Reece","James","37 Netherpark Crescent, STERNFIELD, UK ","IP17 5PA","ReeceJames@teleworm.us","Walcon","Eih2jayah8Xie","1974-02-11","Visa","4.48573E+15","62","Feb-18","B+","85.8","","",""
"14463","","","","","","","","","","","","","","","","","","",""
"15368","male","Dr.","Zak","Elliott","69 Annfield Rd, BAYTHORN END, UK ","CO9 6PU","ZakElliott@einrot.com","Vold1989","aiH6of0Voo","1989-11-27","MasterCard","5.41322E+15","754","Apr-17","","","","",""
"15603","female","Ms.","Li Hua","Sung","50 Manor Close, DIXTON, UK ","GL20 7XD","LiHuaSung@rhyta.com","Fecky1966","Gai1Iepah!","1966-01-18","Visa","4.92903E+15","15","Dec-17","O+","52.8","","",""
"17028","female","Ms.","Albina","Ankudinova","21 Front St, HEPBURN, UK ","NE66 6QJ","AlbinaAnkudinova@teleworm.us","Prinnexparm","peiSheeve1th","1956-07-11","MasterCard","5.15094E+15","342","Feb-17","O+","","","",""
"17235","female","Ms.","Xin Qian","Wan","66 Cambridge Road, NORMANBY, UK ","DN15 1ZX","XinQianWan@dayrep.com","Thelle","oohi0Aew2y","1948-07-02","Visa","4.9167E+15","525","Mar-20","","","","",""
"17404","","","","","","","","","","","","","","","","","","",""
"17418","male","Mr.","Jin","Teng","42 Clasper Way, HERSHAM, UK ","EX23 7ZZ","JinTeng@dayrep.com","Sterayincin","mea5ye3Iej","1943-06-20","MasterCard","5.51849E+15","814","Jan-20","A+","95","","",""
"17703","male","Mr.","Tao","Chen","85 Thirsk Road, BLARGIE, UK ","PH20 7AU","TaoChen@jourrapide.com","Ansted","ooCe2moo","1949-09-26","Visa","4.53909E+15","343","Nov-18","O+","#REF!","","",""
"17791","","","","","","","","","","","","","","","","","","",""
"18177","male","Mr.","Spencer","Fry","50 Moulton Road, GYFELIA, UK ","LL13 8UL","SpencerFry@dayrep.com","Hillect","Aaci3maigh","1976-03-10","MasterCard","5.21895E+15","291","May-18","O+","#REF!","","",""
"18410","female","Mrs.","Jennifer","Pearce","80 Cambridge Road, NORRIS HILL, UK ","DE12 5NL","JenniferPearce@cuvox.de","Feembirl","beedeWai8za","1985-03-21","MasterCard","5.23978E+15","985","Jun-19","B+","65.8","","",""
"18539","","","","","","","","","","","","","","","","","","",""
"18572","female","Dr.","Fen","Liu","1 North Promenade, DOLYHIR, UK ","LD8 1AJ","FenLiu@dayrep.com","Greark","jei7Kah2ei","1941-04-02","Visa","4.53972E+15","966","Aug-19","B+","","159","",""
"18658","","","","","","","","","","","","","","","","","","",""
"18661","male","Mr.","Mason","Holloway","27 Princes Street, RODBRIDGE CORNER, UK ","CO10 9SJ","MasonHolloway@rhyta.com","Rienly","Que2baju","1967-11-14","Visa","4.53263E+15","500","Mar-20","A+","86","","",""
"19102","male","Mr.","Kondrat","Glazkov","70 Cefn Road, FARSLEY, UK ","LS28 7QB","KondratGlazkov@jourrapide.com","Hietted","iuChah2ohT2","1945-05-05","Visa","4.53269E+15","194","Sep-17","O+","#REF!","","",""
"19238","female","Ms.","Niamh","Cooke","82 Dunmow Road, GUALACHULAIN, UK ","PA39 6RX","NiamhCooke@teleworm.us","Amigh1951","Aeph2oote","1951-09-04","MasterCard","5.28618E+15","737","Dec-17","B+","102.9","","",""
"19389","female","Mrs.","Yi Jie","Tsui","87 Dunmow Road, GRETTON, UK ","SY6 3UQ","YiJieTsui@superrito.com","Clefrotion","Ariethi1Gie","1957-05-03","Visa","4.71656E+15","339","Jan-17","O+","","166","",""
"20614","male","Mr.","Jack","Cox","67 Park Place, CARRUTHMUIR, UK ","PA10 4BJ","JackCox@fleckens.hu","Goleyour","Au4Tahnae","1982-04-23","MasterCard","5.3737E+15","488","Sep-19","A+","108.8","","",""
"21523","male","Mr.","Zhen","Kao","28 Tonbridge Rd, COOKNEY, UK ","AB3 5YB","ZhenKao@superrito.com","Thatermonlen","ieN2RaeC8,","1943-11-01","MasterCard","5.13995E+15","808","Sep-19","B+","84.1","","",""
"21893","female","Mrs.","Sofia","Duncan","2 Newgate Street, JANETSTOWN, UK ","KW14 0HY","SofiaDuncan@armyspy.com","Jobley","niojoon8Aey","1986-04-27","MasterCard","5.38836E+15","886","Apr-19","O+","88.7","","",""
"21963","female","Mrs.","Nicole","Wallace","40 Consett Rd, HILLSFORD BRIDGE, UK ","EX35 0FX","NicoleWallace@teleworm.us","Arth1929","chileiNg2x","1929-08-21","MasterCard","5.26663E+15","902","Dec-18","AB+","89.1","","",""
"23001","male","Mr.","Mayor","Medvedev","43 Russell Rd, SHERBURN IN ELMET, UK ","LS25 3DU","MayorMedvedev@jourrapide.com","Vered1989","au8Phooth!","1989-05-14","Visa","4.48546E+15","944","Dec-19","O+","#REF!","","",""
"23506","","","","","","","","","","","","","","","","","","",""
"24906","","","","","","","","","","","","","","","","","","",""
"25242","female","Ms.","Fang Yin","Chien","67 Grenoble Road, BRETHERTON, UK ","PR5 6BH","FangYinChien@fleckens.hu","Depeoped1960","phieK6ooje9","1960-11-20","MasterCard","5.37663E+15","287","Apr-20","B+","88.8","","",""
"25428","male","Mr.","Jay","Russell","98 Bury Rd, HAMSTERLEY, UK ","NE17 2EA","JayRussell@gustr.com","Antemblowind","Shahfak9em","1929-11-01","MasterCard","5.5002E+15","746","Oct-16","O+","#REF!","","",""
"26836","male","Mr.","Ewan","Carr","54 Park Place, CARROL, UK ","KW9 7WE","EwanCarr@rhyta.com","Againto49","uS6eayuagai","1949-10-30","Visa","4.55653E+15","400","Jul-17","A+","","","",""
"27274","","","","","","","","","","","","","","","","","","",""
"28736","male","Mr.","Zhen","H?","8 New Dover Rd, WADSLEY BRIDGE, UK ","S5 3JR","ZhenHe@cuvox.de","Watens","geo9aas5In6","1955-03-29","MasterCard","5.55724E+15","867","Oct-17","O+","#REF!","","",""
"29755","male","Mr.","Anton","Zhirov","3 Trehafod Road, BRYNNA, UK ","CF72 2FT","AntonZhirov@armyspy.com","Haling","yae8aKee","1935-12-14","MasterCard","5.1703E+15","413","Dec-19","A+","59.6","","",""
"30223","male","Mr.","Rostislav","Yefimov","62 Shire Oak Road, SCAUR, UK ","DG2 7YG","RostislavYefimov@fleckens.hu","Thhosed87","taiyae3Aos!","1987-08-31","MasterCard","5.13072E+15","768","Nov-17","O+","#REF!","","",""
"30559","female","Ms.","Eva","Sidorova","59 Colorado Way, RICHMOND, UK ","TW9 7YH","EvaSidorova@fleckens.hu","Beting","Pae0mishaeph","1945-02-16","Visa","4.55699E+15","443","Nov-19","O+","94.7","","",""
"30778","female","Ms.","Yue You","Mai","64 Ings Lane, DAVENHAM, UK ","CW9 1SG","YueYouMai@superrito.com","Therend","Oidaez6ee","1932-08-09","MasterCard","5.36387E+15","536","Jun-18","B+","","","",""
"31115","male","Mr.","Wang","Ch'ang","27 East Street, MANORBIER, UK ","SA70 2XB","WangChang@gustr.com","Joind1953","Wek9eiche","1953-05-30","Visa","4.92941E+15","48","Nov-20","O+","#REF!","","",""
"32513","female","Ms.","Li Mei","Chou","43 Fraserburgh Rd, LINNELS, UK ","NE46 1EG","LiMeiChou@armyspy.com","Partunted","Ieg5ueYoo","1981-04-07","Visa","4.92953E+15","279","Feb-17","O+","88.8","","",""
"32604","male","Mr.","Jin","Han","18 Stroude Road, SIDDINGTON, UK ","GL7 4PW","JinHan@cuvox.de","Laceparkely","nai5ooB6","1935-05-07","Visa","4.92974E+15","689","Nov-18","","","","",""
"33519","male","Mr.","Ryan","Hunter","29 Kent Street, CROMWELL, UK ","NG23 8FT","RyanHunter@gustr.com","Oppond","meihee5ieGh","1932-04-26","Visa","4.9296E+15","401","Feb-16","O-","83","","",""
"33534","female","Ms.","Carolina","Bogdanova","82 Stamford Road, APPLETON THORN, UK ","WA4 5JG","CarolinaBogdanova@teleworm.us","Alme1962","eef0Upush","1962-09-02","MasterCard","5.59058E+15","775","Mar-19","A+","","154","",""
"34062","female","Mrs.","Courtney","Bartlett","93 Ploughley Rd, TIPPERTY, UK ","AB41 7YE","CourtneyBartlett@dayrep.com","Froseve","aedoo4aeGh","1952-11-20","MasterCard","5.55073E+15","124","Jun-20","B-","54.7","","",""
"34357","female","Mrs.","Stepanida","Ulyanova","42 Mill Lane, CORNWORTHY, UK ","TQ9 5SX","StepanidaUlyanova@cuvox.de","Fects1975","eaVoh4saech","1975-07-20","Visa","4.53971E+15","692","Sep-20","B+","93.4","","",""
"34621","female","Ms.","Jun","Hsueh","29 Roker Terrace, LATIMER, UK ","HP5 6WY","JunHsueh@armyspy.com","Clictithe","Woh8ohqu6","1968-12-17","Visa","4.48502E+15","784","Nov-17","O+","","","",""
"34965","","","","","","","","","","","","","","","","","","",""
"35490","male","Mr.","Aidan","Doherty","26 St Andrews Lane, CUXWOLD, UK ","LN7 2NJ","AidanDoherty@rhyta.com","Trory1982","aoGh0iY1eich","1982-05-05","MasterCard","5.36363E+15","263","Feb-19","O+","#REF!","","",""
"36445","male","Mr.","Meng","Jen","40 Lincoln Green Lane, CHITTOE, UK ","SN15 1QT","MengJen@jourrapide.com","Undkey","ieH1laeBeish","1966-12-15","MasterCard","5.59262E+15","65","Oct-19","","","","",""
"37966","female","Mrs.","Sofia","Isayeva","82 Neville Street, ILLOGAN, UK ","TR16 4ES","SofiaIsayeva@armyspy.com","Tardwilis","la8aiS6ong","1975-09-27","MasterCard","5.4875E+15","817","Jul-19","A+","85.7","","",""
"38533","female","Mrs.","Lili","Han","85 Dunmow Road, GRUTNESS, UK ","ZE3 2EQ","LiliHan@einrot.com","Hiscam","noe5Uph0g!","1950-03-02","MasterCard","5.22515E+15","269","Nov-18","B+","62.7","","",""
"38735","","","","","","","","","","","","","","","","","","",""
"38812","female","Ms.","Emily","Murphy","21 Boat Lane, REDHOUSES, UK ","PA44 4HQ","EmilyMurphy@jourrapide.com","Flooke","Wee0joonge","1954-10-06","Visa","4.48581E+15","302","Jan-18","O+","","","",""
"38830","male","Mr.","Zhen","Wang","80 Witney Way, KIRKWALL, UK ","KW15 1GS","ZhenWang@einrot.com","Forting","EF5QueX6uG","1962-08-26","MasterCard","5.26829E+15","406","May-16","A+","66.8","","",""
"39161","male","Mr.","Owen","Holt","10 Stone Cellar Road, KINLOCHLAICH, UK ","PA38 0HP","OwenHolt@cuvox.de","Witimen85","tono2wie5C","1985-06-20","Visa","4.91611E+15","923","Jul-16","O-","118.3","","",""
"40268","male","Mr.","Spencer","Horton","33 Asfordby Rd, AIRD, UK ","HS7 7DL","SpencerHorton@rhyta.com","Mings1970","eeNgah7ah","1970-03-26","Visa","4.7162E+15","876","Dec-18","B+","","","",""
"40407","","","","","","","","","","","","","","","","","","",""
"40667","female","Mrs.","Zhi","Ch'ang","88 Bury Rd, HAMPTON, UK ","TW12 8RF","ZhiChang@jourrapide.com","Imme1941","aiGhahle3!","1941-12-12","MasterCard","5.3885E+15","8","Jan-18","A+","73.2","","",""
"40735","female","Mrs.","Monica","Sergeyeva","27 Lamphey Road, THOMSHILL, UK ","IV30 6EN","MonicaSergeyeva@jourrapide.com","Onall1989","ieSh1oTaech","1989-12-23","Visa","4.9291E+15","789","Oct-16","A+","","","",""
"40835","female","Mrs.","Katherine","Peacock","77 South Street, MOLEHILL GREEN, UK ","CM6 3QE","KatherinePeacock@gustr.com","Uploy1948","pue9Phebi4","1948-11-11","MasterCard","5.12787E+15","902","Oct-18","AB-","66.5","","",""
"41249","male","Mr.","Long","Wei","40 Brackley Road, THURVASTON, UK ","DE6 9RU","LongWei@einrot.com","Guideare","oe9phei5Ie","1959-10-30","Visa","4.53296E+15","271","Mar-17","O+","#REF!","","",""
"41939","male","Dr.","Lian","Lei","89 Main Rd, FLUSHING, UK ","AB42 3BE","LianLei@jourrapide.com","Hurping","aiQu2eishei","1932-07-09","Visa","4.71684E+15","493","Apr-20","A-","78","","",""
"42226","male","Mr.","Bao","Yen","92 Thames Street, BONNYTON, UK ","DD10 3FS","BaoYen@armyspy.com","Fects1944","yoPhoong4Ah","1944-12-31","Visa","4.71636E+15","515","Mar-17","B+","","","",""
"42494","female","Mrs.","Jun","Hsiung","95 Broad Street, LOWER LYE, UK ","HR6 7LZ","JunHsiung@teleworm.us","Doeme1977","isheeF9fiqu","1977-08-18","Visa","4.4859E+15","529","Jun-18","A+","81.7","","",""
"42870","female","Ms.","Dana","Gerasimova","50 Abbey Row, OAD STREET, UK ","ME9 7YH","DanaGerasimova@teleworm.us","Mandeproper87","tee5Ia7di","1987-08-10","Visa","4.5399E+15","970","May-19","O+","95.6","","",""
"43279","female","Ms.","Laura","McKenzie","68 Ilchester Road, MUKER, UK ","DL11 6ZQ","LauraMcKenzie@armyspy.com","Disteling","El0ye1ahn5Th","1952-08-09","Visa","4.91664E+15","837","Mar-17","AB+","94.4","","",""
"43511","male","Mr.","Shing","Tsai","3 Boat Lane, REPTON, UK ","DE65 3YQ","ShingTsai@fleckens.hu","Willet","bahsoh0Vav","1971-01-27","Visa","4.91613E+15","668","Feb-19","A+","70.3","","",""
"43530","female","Mrs.","Yue Wan","Kung","46 Berkeley Rd, STRATFORD ST ANDREW, UK ","IP17 7WW","YueWanKung@armyspy.com","Exered","Uu7Chahr8w","1939-10-10","Visa","4.71616E+15","286","Dec-20","B+","","","",""
"43627","male","Mr.","Lucas","Perry","72 Marlborough Crescent, SOUTH LUFFENHAM, UK ","LE15 8GB","LucasPerry@dayrep.com","Curtand","taiXei6kah!","1940-12-11","MasterCard","5.3974E+15","346","Nov-18","B+","87.7","","",""
"44831","male","Mr.","Chen","Kung","78 Rhosddu Rd, FETTERANGUS, UK ","AB42 3YW","ChenKung@superrito.com","Worposs","kioch1ahCh","1988-06-21","MasterCard","5.24736E+15","772","Feb-17","O+","#REF!","","",""
"45136","male","Mr.","Gang","Wang","86 Consett Rd, HILLSIDE, UK ","ZE2 5ZX","GangWang@teleworm.us","Mucts1976","haij1Zoechie","1976-12-18","MasterCard","5.53272E+15","94","Jan-19","B+","113.4","","",""
"45825","male","Mr.","Simon","Komarov","42 Ermin Street, YARDLEY GOBION, UK ","NN12 6FB","SimonKomarov@teleworm.us","Wasibbelf","vei3Ohc6i","1949-07-15","Visa","4.71618E+15","240","Oct-16","O+","#REF!","","",""
"45971","female","Ms.","Leah","Wade","53 Whitchurch Road, ENOCHDU, UK ","PH10 2YF","LeahWade@rhyta.com","Dopy1962","hu0thaeDie","1962-09-29","Visa","4.92986E+15","798","Nov-17","AB+","90.9","","",""
"46457","male","Mr.","Guo","Shih","37 Stone St, CRAIGMORE, UK ","PA20 8AX","GuoShih@armyspy.com","Abdad1960","sai2boo9eL","1960-05-21","Visa","4.92944E+15","856","Jan-19","A+","92.3","","",""
"46920","female","Mrs.","Nona","Gerasimova","39 Whitby Road, DENMILL, UK ","AB51 1XU","NonaGerasimova@cuvox.de","Awking","iech2Eith,","1948-04-30","Visa","4.55692E+15","874","Apr-20","A+","","169","",""
"47060","male","Mr.","Basil","Zhdanov","3 Ballifeary Road, BALSCOTE, UK ","OX15 1WE","BasilZhdanov@dayrep.com","Stuarany","Thiem7to","1945-10-21","Visa","4.9296E+15","230","Jun-18","B+","","","",""
"48340","female","Mrs.","Charlie","Joyce","66 Oxford Rd, WORMINGHALL, UK ","HP18 3ZJ","CharlieJoyce@teleworm.us","Thilk1934","Aeth9lai8ei","1934-09-03","MasterCard","5.13338E+15","16","Dec-19","B+","68.8","","",""
"48352","female","Mrs.","Alice","Izmailova","31 St Omers Road, HOLCOMBE, UK ","EX7 2TY","AliceIzmailova@rhyta.com","Thowintal","laiSh6ainae","1978-10-04","Visa","4.48514E+15","195","Nov-20","A-","80.1","","",""
"48783","female","Mrs.","Bo","P'eng","98 Malcolm Rd, LLANGADOG, UK ","SA19 7ZW","BoPeng@superrito.com","Selamudder","eiNgaku4","1979-02-05","MasterCard","5.54278E+15","997","Nov-19","O+","","169","",""
"48791","","","","","","","","","","","","","","","","","","",""
"49389","female","Mrs.","Chan Juan","Tsui","49 Grey Street, KILBERRY, UK ","PA29 6TE","ChanJuanTsui@teleworm.us","Hiseek","Ve2uyaig1,","1982-12-22","MasterCard","5.47715E+15","932","Apr-20","A+","","","",""
"49681","female","Ms.","Nick","Chesnokova","84 Bath Rd, WOKINGHAM, UK ","RG40 3ZB","NickChesnokova@jourrapide.com","Usad1953","ua9eetucah0R","1953-05-27","Visa","4.53993E+15","805","Feb-17","B+","87.7","","",""
"49685","male","Mr.","Tao","Cheng","8 Prince Consort Road, KELSAY, UK ","PA47 0ZR","TaoCheng@superrito.com","Argift","peiyai8Aesh","1933-07-03","Visa","4.53928E+15","470","Apr-16","A+","70.4","","",""
"49898","","","","","","","","","","","","","","","","","","",""
"50330","male","Mr.","Connor","Jordan","44 Wenlock Terrace, PETERLEE, UK ","SR8 9EA","ConnorJordan@rhyta.com","Apied1975","keijoji8Buo","1975-07-05","MasterCard","5.59671E+15","178","Nov-17","O+","#REF!","","",""
"50779","female","Ms.","Evie","Kelly","85 Whitby Road, DENSOLE, UK ","CT18 1DY","EvieKelly@armyspy.com","Hili1970","paem3oJeem","1970-12-20","Visa","4.53219E+15","859","Feb-20","A+","69","","",""
"51852","female","Mrs.","Ni","L?","26 Caerfai Bay Road, TEVERSHAM, UK ","CB1 4ZF","NiLu@cuvox.de","Rinte1958","aiJ0fahQuie","1958-08-12","Visa","4.53265E+15","918","Nov-19","","","","",""
"52005","female","Mrs.","Phoebe","Cunningham","22 Trehafod Road, BUDBROOKE, UK ","CV35 0NX","PhoebeCunningham@einrot.com","Saides1985","quooThe4ushe","1985-06-19","Visa","4.5328E+15","91","Jan-17","B+","98","","",""
"52890","male","Mr.","Finley","Stewart","3 Henley Road, BRAAL CASTLE, UK ","KW12 1YT","FinleyStewart@cuvox.de","Pervage55","Neem8oagh","1955-04-20","MasterCard","5.16405E+15","117","Jun-18","O+","","","",""
"53942","female","Ms.","Keira","Stephenson","57 Whitby Road, DENIO, UK ","LL53 4BT","KeiraStephenson@gustr.com","Depud1961","Quek7air9cae!","1961-11-13","Visa","4.55604E+15","962","Jan-19","","","","",""
"54574","female","Mrs.","Xiu","T'ang","37 Russell Rd, SHERATON, UK ","TS27 6PY","XiuTang@cuvox.de","Hatioul40","eiB9eevaepie","1940-08-29","MasterCard","5.19648E+15","824","Oct-19","O+","63.4","","",""
"55108","male","Mr.","Oscar","Harvey","32 Lincoln Green Lane, CHOWLEY, UK ","CH3 7RF","OscarHarvey@fleckens.hu","Sibille","herie2Ahv","1992-11-03","Visa","4.53231E+15","434","Feb-17","B+","","","",""
"55804","male","Mr.","Spencer","Birch","86 Sutton Wick Lane, BRIDGEND, UK ","CF31 4BB","SpencerBirch@einrot.com","Therints","aemiisheu1Sh","1963-04-05","MasterCard","5.46308E+15","378","Jun-20","","","","",""
"56073","female","Ms.","Bao","Hsiao","55 Vicar Lane, SARRATT, UK ","WD3 9TN","BaoHsiao@jourrapide.com","Sirsom","Oocee4id","1932-05-08","Visa","4.55632E+15","531","Mar-20","A+","","","",""
"56445","male","Mr.","Joseph","Rahman","79 Holgate Rd, RAMPISHAM, UK ","DT2 9YL","JosephRahman@fleckens.hu","Degave","Vieng1phee!","1966-03-19","Visa","4.55694E+15","431","Apr-18","A+","","175","",""
"56589","male","Mr.","Sam","Jenkins","75 Duckpit Lane, UPPER WELSON, UK ","HR3 2NT","SamJenkins@einrot.com","Ancomettiody","Chaiquaec1o","1933-06-06","Visa","4.71687E+15","996","Dec-17","B+","80.9","","",""
"56785","male","Mr.","Ye","Tan","32 Fore St, TREVIGRO, UK ","PL17 9JN","YeTan@dayrep.com","Whichim","Ohr8ONgai","1934-04-05","MasterCard","5.28429E+15","398","Oct-16","B+","79.3","","",""
"57062","female","Dr.","Lucy","Robson","65 Peachfield Road, CEOS, UK ","HS2 1ZD","LucyRobson@fleckens.hu","Notin1950","fein6eS9l","1950-05-18","Visa","4.92967E+15","165","Mar-16","B+","75.1","","",""
"57288","male","Mr.","Wen","Yeh","36 Merthyr Road, BURLOW, UK ","TN21 1RB","WenYeh@superrito.com","Fortaged","oxiekiChuv8","1942-06-08","MasterCard","5.16881E+15","789","Jan-16","A+","87.5","","",""
"57853","male","Mr.","Wen","K'ung","17 Wartnaby Road, ACHORN, UK ","KW6 4HY","WenKung@cuvox.de","Dinexpose1943","Hiozu9ees8","1943-08-05","MasterCard","5.32322E+15","846","Nov-18","B+","95.6","","",""
"57990","female","Ms.","Qian","Tseng","53 Stamford Road, APPLETREEWICK, UK ","BD23 0SH","QianTseng@fleckens.hu","Uposmon","Pain9cei","1934-04-03","MasterCard","5.2333E+15","962","May-17","O-","64.1","","",""
"58837","female","Mrs.","Guan-yin","Chia","86 Bishopthorpe Road, PENCOYD, UK ","HR2 8HF","Guan-yinChia@rhyta.com","Oncoure","ool0eey2Ahg","1942-10-22","MasterCard","5.28385E+15","690","Oct-19","","","","",""
"59420","female","Mrs.","Eva","Hart","75 Hart Road, NORTHWOOD GREEN, UK ","GL14 2QL","EvaHart@rhyta.com","Onews1931","iefohY1ee","1931-09-25","MasterCard","5.12113E+15","276","Jan-16","O+","93.8","","",""
"59991","female","Ms.","Mingmei","Ts'ao","72 Temple Way, WITCOMBE, UK ","TA12 0AX","MingmeiTsao@cuvox.de","Thement","Le9joci1","1995-01-27","MasterCard","5.10684E+15","109","Jun-17","O+","63.7","","",""
"60451","","","","","","","","","","","","","","","","","","",""
"60571","male","Mr.","Yi","Tsai","10 Baldock Street, NEWTOWN LINFORD, UK ","LE6 4SR","YiTsai@gustr.com","Wabiagre1947","eiNgoon4Ei","1947-04-27","MasterCard","5.20391E+15","77","Jul-20","O-","","","",""
"60822","female","Mrs.","Imogen","Kent","86 Ermin Street, WYMONDHAM, UK ","LE14 8FX","ImogenKent@fleckens.hu","Devoing","Li6eez0s","1986-12-20","MasterCard","5.46278E+15","931","Feb-19","A+","","","",""
"61029","female","Mrs.","Kiera","Moran","67 Ponteland Rd, HOW, UK ","CA4 4JW","KieraMoran@cuvox.de","Goopect","chu3uSh8bee","1986-03-04","Visa","4.53972E+15","700","May-17","A+","68.6","","",""
"61207","female","Mrs.","Lin Yao","Chang","55 Trehafod Road, BUCKINGHAM, UK ","MK18 4HA","LinYaoChang@einrot.com","Morm1951","ocat3nieV","1951-12-31","MasterCard","5.47564E+15","390","Mar-20","AB+","85.1","","",""
"61273","female","Mrs.","Heng","Hsu","19 Boat Lane, REGOUL, UK ","IV12 4SR","HengHsu@superrito.com","Mese1950","Jae7weiGh","1950-06-21","Visa","4.71649E+15","825","May-17","A-","93.2","","",""
"61451","male","Dr.","On","Ch'iu","21 Cloch Rd, ST MICHAEL CAERHAYS, UK ","PL26 6DW","OnChiu@superrito.com","Aforeg","ee2Eir3Ei","1936-07-08","MasterCard","5.11761E+15","403","Feb-17","A+","","180","",""
"62078","male","Mr.","Bo","Liao","73 Station Rd, QUINTRELL DOWNS, UK ","TR8 9ET","BoLiao@cuvox.de","Pord1984","EGhee3qu","1984-02-03","MasterCard","5.25158E+15","887","Jul-18","O+","","","",""
"62082","female","Mrs.","Li Na","Chin","20 Golf Road, SWINTON, UK ","S64 8DU","LiNaChin@teleworm.us","Thaversonly","ocoh1ieJeiTah","1978-12-03","MasterCard","5.52292E+15","577","Dec-19","O+","72","","",""
"62200","","","","","","","","","","","","","","","","","","",""
"62899","female","Ms.","Xiao Chen","Tsao","30 Seaford Road, CULLIPOOL, UK ","PA34 8QX","XiaoChenTsao@rhyta.com","Liet1989","aida4oaV8","1989-12-26","Visa","4.91628E+15","453","Jan-17","B+","83.2","","",""
"64614","female","Mrs.","Na","Ku","12 Harehills Lane, RUDBAXTON, UK ","SA62 4AP","NaKu@armyspy.com","Wortatuslege","ceV5quohw","1931-02-02","MasterCard","5.17223E+15","370","Jan-17","O+","74.1","","",""
"64876","female","Mrs.","Bao","Cheng","6 Gloucester Road, CLAPWORTHY, UK ","EX36 2AU","BaoCheng@jourrapide.com","Hastannow","aech4Ueng!","1969-08-04","MasterCard","5.24575E+15","135","Oct-19","AB+","84.4","","",""
"65398","male","Mr.","Elliot","Dyer","50 Bullwood Rd, ST ERTH, UK ","TR27 5BW","ElliotDyer@cuvox.de","Bothis","ohWeiviPh7","1970-01-29","Visa","4.55657E+15","813","Dec-19","B+","","","",""
"65559","","","","","","","","","","","","","","","","","","",""
"65777","female","Mrs.","Li Hua","Tien","37 Bouverie Road, WETWOOD, UK ","ST21 7FH","LiHuaTien@fleckens.hu","Twoment","kohn8chiiSh","1936-12-28","MasterCard","5.38655E+15","634","Jun-18","A+","","","",""
"66276","","","","","","","","","","","","","","","","","","",""
"66487","female","Ms.","Donglu","Yang","4 Terrick Rd, EISINGRUG, UK ","LL46 5AH","DongluYang@superrito.com","Whess1995","hohCh9Goe","1995-04-16","MasterCard","5.20411E+15","776","Jun-20","B+","86.5","","",""
"67831","male","Mr.","Tyler","Butcher","72 Sea Road, LAMELLION, UK ","PL14 9RZ","TylerButcher@fleckens.hu","Lottle","feu6ohCae","1977-06-26","MasterCard","5.56118E+15","105","Oct-17","O+","117.2","","",""
"68098","female","Ms.","Kate","Walters","21 Bishopgate Street, SCOTTLETHORPE, UK ","PE10 0PU","KateWalters@superrito.com","Ingralto","Uf8ongoosh","1982-08-02","MasterCard","5.53828E+15","130","Nov-20","B+","58.7","","",""
"68953","male","Mr.","Aidan","Dickinson","5 Wenlock Terrace, PETTY, UK ","AB53 4UZ","AidanDickinson@cuvox.de","Unearithe","okaeNgei1i","1950-10-06","MasterCard","5.3511E+15","627","Mar-17","A+","108.3","","",""
"69364","","","","","","","","","","","","","","","","","","",""
"70118","female","Ms.","Qiao","Hsieh","48 Whatlington Road, COTTAM, UK ","PR4 5AF","QiaoHsieh@cuvox.de","Ounins","di7Hai2g","1964-11-06","MasterCard","5.35659E+15","553","Mar-20","O+","102","","",""
"70130","female","Ms.","Aaliyah","Wilson","7 Station Rd, PWLL TRAP, UK ","SA33 1GJ","AaliyahWilson@einrot.com","Desi1976","Uo3yuG2ae","1976-09-10","Visa","4.48514E+15","100","Apr-20","A+","94.4","","",""
"70661","","","","","","","","","","","","","","","","","","",""
"71373","","","","","","","","","","","","","","","","","","",""
"71390","","","","","","","","","","","","","","","","","","",""
"71761","female","Ms.","Jiao","Fang","92 Wressle Road, PLUSH, UK ","DT2 8TF","JiaoFang@gustr.com","Matuareen36","daiJu5ahr","1936-08-11","Visa","4.92956E+15","378","Jun-18","B+","","","",""
"71860","female","Mrs.","Da-Xia","Ch'in","87 Seafield Street, LLAWHADEN, UK ","SA67 8XJ","Da-XiaChin@cuvox.de","Beforged","feesuuF2F","1950-03-09","MasterCard","5.18287E+15","882","Jul-16","A+","57","","",""
"72109","male","Mr.","Jian","Teng","70 Overton Circle, LITTLEY GREEN, UK ","CM3 8WB","JianTeng@fleckens.hu","Peding","Pa5Oozu2","1957-03-25","MasterCard","5.18935E+15","61","Apr-18","","","","",""
"72114","female","Ms.","Ni","Kung","6 Roker Terrace, LANGTON, UK ","YO17 4FP","NiKung@fleckens.hu","Mander","EiyeC9jaQu!","1988-04-30","Visa","4.91649E+15","416","Aug-19","O+","66.1","","",""
"72573","female","Mrs.","Yun","T'ao","22 Castledore Road, TUMBLE, UK ","SA14 0BT","YunTao@teleworm.us","Onsts1967","uo2lai8L","1967-09-16","MasterCard","5.40665E+15","799","Jun-17","AB+","87.9","","",""
"72701","male","Mr.","Patrick","Swift","3 Roman Rd, LECHUARY, UK ","PA31 0ND","PatrickSwift@rhyta.com","Vised1974","Ufei2Ooc4","1974-05-20","Visa","4.53922E+15","875","Oct-16","B+","","173","",""
"73243","male","Mr.","Andrew","Shaw","47 Wade Lane, SANDAIG, UK ","PH41 4NJ","AndrewShaw@teleworm.us","Hicum1952","ohce9Woekie","1952-09-30","Visa","4.53295E+15","280","Mar-17","A+","78.2","","",""
"73326","male","Mr.","Ning","Fu","69 Iffley Road, BROADWAY, UK ","SA33 7PY","NingFu@armyspy.com","Alits1981","Qua1phohbo4ch","1981-08-19","MasterCard","5.5216E+15","339","Sep-19","A+","81.1","","",""
"73508","female","Ms.","Erin","Newman","41 North Promenade, DOVER, UK ","CT16 2SY","ErinNewman@armyspy.com","Lars1955","Ui9le9ree0!","1955-07-30","Visa","4.53297E+15","456","Jul-17","O+","83.2","","",""
"73626","male","Mr.","Cong","Ho","18 St Maurices Road, PRESTBURY, UK ","SK10 0UQ","CongHo@einrot.com","Wituarmay1974","ito3Va2vi","1974-07-03","Visa","4.53259E+15","148","Jul-18","B+","","168","",""
"74210","male","Mr.","Jack","French","78 Cambridge Road, NORBURY, UK ","DE6 0FE","JackFrench@dayrep.com","Thaterisaing","OoC5iepah","1959-06-17","Visa","4.53999E+15","583","Dec-19","A+","","","",""
"74412","female","Mrs.","Hong","Hsiung","99 Asfordby Rd, ALBURGH, UK ","IP20 7NG","HongHsiung@gustr.com","Sommainly","Ohs4beigae","1953-05-24","Visa","4.48539E+15","187","Oct-16","O+","92.1","","",""
"74677","male","Dr.","Shing","Wang","62 Caxton Place, BUTTINGTON, UK ","SY21 2NE","ShingWang@gustr.com","Lative","Ri4eiV8ii","1960-05-19","Visa","4.91669E+15","660","Oct-19","B+","64","","",""
"74959","female","Mrs.","Wei","Su","8 Ponteland Rd, HUBY, UK ","LS17 8PD","WeiSu@einrot.com","Whaviand49","eeged6Iec","1949-02-28","Visa","4.53293E+15","457","Sep-20","A+","","","",""
"76666","male","Mr.","Harley","Adams","85 Great North Road, ALWINTON, UK ","NE65 9XR","HarleyAdams@jourrapide.com","Dithery46","cheey2eiChoo","1946-09-02","Visa","4.53989E+15","152","Apr-18","O+","113.2","","",""
"76703","male","Mr.","Josh","Coleman","92 Helland Bridge, UNIFIRTH, UK ","ZE2 1AP","JoshColeman@dayrep.com","Eaddelartion","iy8Equaed6ie","1958-12-13","Visa","4.9293E+15","314","Sep-16","O-","133.5","","",""
"76715","male","Mr.","Wang","Tien","42 Kent Street, CROSSGATEHALL, UK ","EH22 6XF","WangTien@dayrep.com","Golou1974","chieX1Ohnie!","1974-08-15","Visa","4.71616E+15","920","Mar-19","O+","","","",""
"76950","male","Mr.","Sam","Harper","86 Dunmow Road, GRONANT, UK ","LL19 2YB","SamHarper@fleckens.hu","Anyther","Eij8xeiqu","1963-11-01","MasterCard","5.39307E+15","631","Jul-19","A+","","176","",""
"77007","male","Mr.","De","Chien","64 Mill Lane, CORSE OF KINNOIR, UK ","AB54 9ER","DeChien@teleworm.us","Lauch1962","tooGhah5oh","1962-04-01","Visa","4.92969E+15","576","Jan-19","A+","99.3","","",""
"77261","female","Ms.","Ni","Ting","89 Asfordby Rd, ALDBROUGH ST JOHN, UK ","DL11 9ZP","NiTing@rhyta.com","Thowite","ahm0Teeloo","1959-10-06","MasterCard","5.34412E+15","340","Nov-19","O-","80.3","","",""
"77497","male","Mr.","Mohammed","Wood","97 Stroude Road, SKELLISTER, UK ","ZE2 0AH","MohammedWood@rhyta.com","Raine1971","he6neiQu3","1971-02-14","MasterCard","5.43657E+15","73","Nov-16","O+","","","",""
"77716","male","Mr.","Song","Tsao","28 Stamford Road, ARCHDEACON NEWTON, UK ","DL2 8BL","SongTsao@rhyta.com","Grid1992","Doh1heif4","1992-12-11","Visa","4.55633E+15","751","Dec-20","B+","","189","",""
"79057","female","Mrs.","Da-Xia","Wan","54 Church Way, BRAELENY, UK ","FK17 0AB","Da-XiaWan@teleworm.us","Surpery","ahb0Haedei","1940-03-31","MasterCard","5.15019E+15","740","Nov-20","O+","60.7","","",""
"79575","female","Ms.","Isobel","Woods","17 Long Street, MILLINGTON, UK ","YO4 8RX","IsobelWoods@gustr.com","Difend","ahD7eeyar","1932-01-14","MasterCard","5.17628E+15","359","Aug-18","B+","","","",""
"79887","","","","","","","","","","","","","","","","","","",""
"81166","male","Mr.","Joshua","Cameron","46 Hounslow Rd, SORBIE, UK ","DG8 1XR","JoshuaCameron@dayrep.com","Monvill","aif4oa0F,","1933-01-05","Visa","4.91672E+15","357","Mar-17","","","","",""
"82736","female","Mrs.","Jiao","Ma","42 Vicar Lane, SANDLEHEATH, UK ","SP6 4HZ","JiaoMa@rhyta.com","Whimarem","kuYoo5oyoh!","1948-02-09","Visa","4.92926E+15","464","Feb-17","O+","","152","",""
"83348","","","","","","","","","","","","","","","","","","",""
"83370","male","Mr.","Kuan-Yin","Cheng","36 Duckpit Lane, UPPER HERGEST, UK ","HR5 6NS","Kuan-YinCheng@armyspy.com","Evinly","Loh0baegae","1977-11-03","Visa","4.71647E+15","936","Jun-20","O+","","","",""
"83380","","","","","","","","","","","","","","","","","","",""
"83496","female","Ms.","Jing","Yen","37 Newport Road, CARGEN, UK ","DG2 7JJ","JingYen@einrot.com","Speliveral1957","ooXaeth2roo","1957-01-15","Visa","4.48551E+15","364","May-19","O+","","153","",""
"83878","","","","","","","","","","","","","","","","","","",""
"84202","male","Mr.","Sam","West","68 Southend Avenue, BLACKHEATH, UK ","B65 0FT","SamWest@armyspy.com","Yeacten1947","iede7choP","1947-06-26","Visa","4.48592E+15","101","Oct-17","B+","73.4","","",""
"85352","female","Ms.","Xiuxiu","Fan","24 Seaford Road, CULAG, UK ","G83 9DW","XiuxiuFan@teleworm.us","Pachat","na7XeihohT","1947-04-24","MasterCard","5.46349E+15","192","Sep-17","","","","",""
"85416","male","Mr.","Shen","Lung","5 Haslemere Road, EASTLEACH TURVILLE, UK ","GL7 0WY","ShenLung@teleworm.us","Trece1989","eGaezae7","1989-08-05","MasterCard","5.17868E+15","709","Dec-16","O+","","","",""
"85612","female","Mrs.","Xiuxiu","L?","95 Botley Road, MIDDLESBROUGH, UK ","TS1 4PG","XiuxiuLu@jourrapide.com","Liont1944","choh2Ooqu","1944-01-13","Visa","4.55624E+15","628","Jan-20","O+","77.9","","",""
"85783","male","Mr.","Anthony","Phillips","7 City Walls Rd, CLODDACH, UK ","IV30 8UX","AnthonyPhillips@superrito.com","Unuter","EaGuH6oo","1979-09-11","Visa","4.71657E+15","169","Nov-19","A+","77.5","","",""
"85927","male","Mr.","Sying","Liao","55 Well Lane, PARKNEUK, UK ","AB30 6FR","SyingLiao@fleckens.hu","Transpead","biuj7Iey","1950-09-12","Visa","4.53971E+15","132","May-17","O+","86.4","","",""
"86100","female","Mrs.","Lola","Daniels","96 North Promenade, DOUGLASTOWN, UK ","DD8 6GX","LolaDaniels@armyspy.com","Halke1947","waiYi7OCh","1947-12-10","Visa","4.71624E+15","811","Jul-17","O+","91.8","","",""
"86632","male","Mr.","Ming","Tan","95 Stroude Road, SILVERMOSS, UK ","AB51 4XL","MingTan@armyspy.com","Goodgicess","shoo9Pha0Ao","1965-03-01","MasterCard","5.49305E+15","699","Jan-16","A+","73.7","","",""
"87593","male","Mr.","Hui","Hsu","23 Prince Consort Road, KENDAL, UK ","LA9 2WX","HuiHsu@superrito.com","Theiren","aov3Ohc1Pie","1991-10-11","Visa","4.92917E+15","868","Apr-16","O+","99.8","","",""
"87960","female","Mrs.","Yasmin","Ashton","84 Monks Way, TOMNACROSS, UK ","IV4 0AZ","YasminAshton@teleworm.us","Necovioll66","eequai7Ae","1966-01-19","MasterCard","5.26447E+15","316","May-19","O+","104.8","","",""
"88752","male","Mr.","Peter","Norman","13 Terrick Rd, EINACLEIT, UK ","HS2 1EP","PeterNorman@gustr.com","Buturears","eeci5fei8O","1991-01-31","MasterCard","5.20966E+15","480","Oct-17","","","","",""
"89258","","","","","","","","","","","","","","","","","","",""
"90141","female","Ms.","Shuang","Su","32 Cambridge Road, NOBLEHILL, UK ","DG1 7HH","ShuangSu@superrito.com","Nothep","rohP1aeroh","1995-03-22","Visa","4.9161E+15","857","Jan-20","A+","88.5","","",""
"91106","","","","","","","","","","","","","","","","","","",""
"91107","","","","","","","","","","","","","","","","","","",""
"91108","","","","","","","","","","","","","","","","","","",""
"91109","","","","","","","","","","","","","","","","","","",""
"91110","","","","","","","","","","","","","","","","","","",""
"91111","","","","","","","","","","","","","","","","","","",""
"91112","","","","","","","","","","","","","","","","","","",""
"91113","","","","","","","","","","","","","","","","","","",""
"91114","","","","","","","","","","","","","","","","","","",""
"91115","","","","","","","","","","","","","","","","","","",""
"91116","","","","","","","","","","","","","","","","","","",""
"91274","male","Mr.","Kong","Liao","57 Manor Close, DINNET, UK ","AB34 1SB","KongLiao@dayrep.com","Mattlely","iez8Kievoh4","1984-05-09","Visa","4.91676E+15","322","May-20","O+","","180","",""
"91319","male","Mr.","Wang","Tan","43 Bath Rd, WOLVERTON, UK ","CV35 5DW","WangTan@rhyta.com","Hownsich1981","liW5hueb","1981-03-01","Visa","4.53231E+15","783","Sep-17","B+","82.4","","",""
"92031","","Mr.","Bailey","Sims","55 Rhosddu Rd, FFARMERS, UK ","SA19 5YY","BaileySims@jourrapide.com","Foolve","OhThie4r","1949-01-21","MasterCard","5.55793E+15","110","Feb-18","O+","","","",""
"92436","","Mrs.","Maya","Turnbull","31 Old Chapel Road, GAY STREET, UK ","RH20 3LG","MayaTurnbull@rhyta.com","Sojectrught","Keeth4xoogh","1986-11-08","Visa","4.5391E+15","56","Nov-20","","","","",""
"93670","female","Ms.","Isobel","Knight","11 Tonbridge Rd, COOKHAM, UK ","SL6 8PL","IsobelKnight@fleckens.hu","Abling","uciezoo4Ul","1982-08-27","Visa","4.92903E+15","878","Sep-20","A+","52.9","","",""
"93798","","","","","","","","","","","","","","","","","","",""
"93817","female","Ms.","Jiang Li","Su","35 Redcliffe Way, WOODMANCOTE, UK ","PO10 6RJ","JiangLiSu@gustr.com","Excleduess","YaiDemae0!","1945-07-10","Visa","4.53966E+15","619","Mar-18","B+","95.1","","",""
"94960","female","Ms.","Yan","Su","2 Great North Road, ALTURA, UK ","PH34 9YW","YanSu@teleworm.us","Barrispinks1964","saeMoh1O","1964-06-17","Visa","4.53266E+15","986","Sep-17","A-","89.2","","",""
"95371","male","Mr.","Callum","Ingram","34 Thirsk Road, BLAGDON, UK ","TQ3 7BG","CallumIngram@superrito.com","Wans1950","oo3eiBeeP","1950-04-30","Visa","4.48538E+15","494","Dec-17","AB+","","","",""
"95388","female","Mrs.","Amelie","Carter","79 Worthy Lane, MEALABOST, UK ","HS2 4DE","AmelieCarter@dayrep.com","Mosee1960","ooRughooF2ae","1960-07-19","MasterCard","5.44867E+15","172","Sep-19","B+","91.9","","",""
"95444","male","Mr.","John","Dixon","19 Asfordby Rd, AIRTH, UK ","FK2 4YJ","JohnDixon@fleckens.hu","Faideark","Me7coMie","1973-01-25","Visa","4.9165E+15","459","Apr-17","O+","124.3","","",""
"96146","male","Mr.","Cong","Meng","54 East Street, MANTON, UK ","LE15 2AD","CongMeng@gustr.com","Hisdon","thah0iGh","1960-07-02","MasterCard","5.27111E+15","381","Sep-20","","","","",""
"96936","female","Mrs.","E","Tsou","79 Thirsk Road, BLAIR ATHOLL, UK ","PH18 8EU","ETsou@armyspy.com","Makest","ahdePaehoo5","1933-04-26","MasterCard","5.46709E+15","33","Aug-18","O+","","","",""
"97064","male","Mr.","Sebastian","Newman","4 Park Row, EDINGALE, UK ","B79 0NP","SebastianNewman@dayrep.com","Meated","Goob0adei","1955-07-09","MasterCard","5.55716E+15","125","Aug-18","O+","125.7","","",""
"97141","female","Mrs.","Millie","Pratt","91 Front Street, LADYSFORD, UK ","AB43 7BY","MilliePratt@gustr.com","Whoodger","Aing1oYai","1954-06-06","MasterCard","5.52024E+15","6","Oct-16","O+","100.5","","",""
"97212","male","Mr.","Kang","Lu","4 Warren St, WEST END, UK ","DN36 2HN","KangLu@rhyta.com","Sannie","aeNae5raeD","1956-07-13","Visa","4.71697E+15","409","Jan-18","AB+","","184","",""
"97867","male","Dr.","Cameron","Goddard","81 Warner Close, HASWELL, UK ","DH6 4UR","CameronGoddard@gustr.com","Ournothe","Pu0phoh7cie","1959-06-09","MasterCard","5.29202E+15","151","Jun-18","O+","117.4","","",""
"98143","female","Mrs.","Jiao","Ch'en","78 Sloe Lane, CUDDINGTON, UK ","HP18 4FR","JiaoChen@teleworm.us","Binted","eip6laeVie","1944-11-30","MasterCard","5.20647E+15","74","Sep-20","O+","66","","",""
"99528","male","Mr.","Tom","Bell","28 Sea Road, LANGFORD, UK ","NG23 5LT","TomBell@gustr.com","Ples1951","aizi7phoQu,","1951-11-19","MasterCard","5.23854E+15","431","Aug-20","A+","97.7","","",""
"99589","male","Mr.","Louie","Evans","85 Well Lane, PATTERDALE, UK ","CA11 9UP","LouieEvans@dayrep.com","Hatiere","ohGh3iepooCh","1932-10-17","MasterCard","5.28275E+15","655","Sep-17","O+","96.8","","",""
"99858","male","Mr.","Kang","Yuan","7 Freezeland Lane, CRAIG, UK ","KA19 3XE","KangYuan@superrito.com","Paped1952","Eiv7gaelai7Ah","1952-04-23","Visa","4.92971E+15","419","Jun-18","O+","84.8","","",""
